{
  "0": -0.00006498116999999999,
  "1": -0.00007404045666666667
}