{
  "0": -0.00001170859,
  "1": -0.0001222324
}