{
  "0": -0.00007858096333333333,
  "1": 0.00002501967333333333
}