{
  "0": 15102.110655883156,
  "1": -36889.23145048975
}